{
  "project_info": {
    "project_number": "250448833224",
    "project_id": "codefestproject",
    "storage_bucket": "codefestproject.appspot.com"
  },
  "client": [
    {
      "client_info": {
        "mobilesdk_app_id": "1:250448833224:android:91930bd83a653634d793fd",
        "android_client_info": {
          "package_name": "com.nilupulnethmina.codefestproject"
        }
      },
      "oauth_client": [
        {
          "client_id": "250448833224-mtc8uk3rihfevsqoa6pgbetjenuhdcid.apps.googleusercontent.com",
          "client_type": 3
        }
      ],
      "api_key": [
        {
          "current_key": "AIzaSyBu0k3zrOWMfHiV5cjZf1Ol02_qJReQvgI"
        }
      ],
      "services": {
        "appinvite_service": {
          "other_platform_oauth_client": [
            {
              "client_id": "250448833224-mtc8uk3rihfevsqoa6pgbetjenuhdcid.apps.googleusercontent.com",
              "client_type": 3
            }
          ]
        }
      }
    }
  ],
  "configuration_version": "1"
}